{"initial_reset_timestamp": 1750424835.8844373, "timestamps": [1750424836.5922527], "episode_lengths": [791], "episode_rewards": [215.0], "episode_types": ["t"]}